date,avg_sentiment,daily_activity,sentiment_std,avg_post_score,avg_comment_score,date_dt
2023-01-03,0.228,22,0.4518,549.5,73.25,2023-01-03
2023-01-04,-0.0046,6,0.7533,,13.8333,2023-01-04
2023-01-05,0.2058,4,0.2378,2.0,1.0,2023-01-05
2023-01-10,0.4529,12,0.5092,30.0,7.3636,2023-01-10
2023-01-11,0.6188,2,0.1747,,4.0,2023-01-11
2023-01-19,0.2277,9,0.6991,83.0,3.125,2023-01-19
2023-01-20,0.4273,6,0.7769,,1.5,2023-01-20
2023-01-26,0.4412,5,0.5481,33.0,2.5,2023-01-26
2023-01-27,0.1315,11,0.5041,207.0,29.9,2023-01-27
2023-01-28,0.0,1,,,0.0,2023-01-28
2023-01-29,-0.1377,16,0.6181,619.0,124.1333,2023-01-29
2023-01-30,0.0952,15,0.679,91.0,45.7857,2023-01-30
2023-01-31,0.5312,2,0.6443,,5.0,2023-01-31
2023-02-02,0.7368,6,0.202,26.0,2.4,2023-02-02
2023-02-06,0.2125,26,0.38,32.0,9.875,2023-02-06
2023-02-07,-0.7096,2,0.0,,2.0,2023-02-07
2023-02-09,-0.064,4,0.0739,,1.0,2023-02-09
2023-02-17,0.0,1,,,3.0,2023-02-17
2023-02-24,0.0,1,,3.0,,2023-02-24
2023-03-05,0.1265,2,1.0626,2.0,1.0,2023-03-05
2023-03-08,0.1942,12,0.2547,58.0,7.0,2023-03-08
2023-03-12,-0.2292,13,0.4699,190.0,60.4167,2023-03-12
2023-03-13,-0.3352,2,0.4741,,1.0,2023-03-13
2023-03-15,0.1572,42,0.375,576.0,157.6923,2023-03-15
2023-03-22,-0.6888,1,,8.0,,2023-03-22
2023-03-23,0.8412,1,,,1.0,2023-03-23
2023-03-24,-0.3323,14,0.599,423.0,29.1538,2023-03-24
2023-03-25,0.0621,9,0.5186,4.0,4.25,2023-03-25
2023-03-29,0.0,1,,,1.0,2023-03-29
2023-04-07,-0.1191,7,0.4135,129.0,57.8,2023-04-07
2023-04-08,0.1329,28,0.4386,306.0,19.6296,2023-04-08
2023-04-09,0.0852,5,0.3749,,11.4,2023-04-09
2023-04-10,0.0688,3,0.6777,,1.3333,2023-04-10
2023-04-15,0.0275,14,0.3489,94.0,19.9231,2023-04-15
2023-04-16,0.1779,1,,,4.0,2023-04-16
2023-04-24,0.3031,11,0.6535,13.0,5.2,2023-04-24
2023-04-25,0.6865,1,,,2.0,2023-04-25
2023-04-26,0.0,1,,,2.0,2023-04-26
2023-04-28,-0.1866,2,1.1181,,3.0,2023-04-28
2023-04-30,0.5234,15,0.4572,23.0,5.9286,2023-04-30
2023-05-05,0.845,3,0.1187,38.0,8.0,2023-05-05
2023-05-06,0.5078,12,0.4011,,3.75,2023-05-06
2023-05-09,-0.3657,1,,,1.0,2023-05-09
2023-05-11,0.7549,1,,,1.0,2023-05-11
2023-05-17,0.0,1,,13.0,,2023-05-17
2023-05-18,0.4164,1,,26.0,,2023-05-18
2023-05-19,0.6145,3,0.1691,,2.0,2023-05-19
2023-05-22,0.3717,5,0.4328,,1.6,2023-05-22
2023-06-01,0.2764,8,0.4266,80.0,43.7143,2023-06-01
2023-06-02,0.1237,6,0.4711,,7.3333,2023-06-02
2023-06-05,0.5644,8,0.2896,6.2,1.0,2023-06-05
2023-06-16,-0.1012,2,0.143,3.0,1.0,2023-06-16
2023-06-19,-0.0895,26,0.4112,143.0,26.3333,2023-06-19
2023-06-20,-0.0002,4,0.2314,9.5,6.5,2023-06-20
2023-06-21,-0.1187,10,0.22,,15.1,2023-06-21
2023-06-22,0.6486,2,0.0,,1.0,2023-06-22
2023-06-24,0.279,14,0.4128,35.0,10.9167,2023-06-24
2023-06-25,0.6875,2,0.3107,,1.5,2023-06-25
2023-06-26,0.8658,1,,,1.0,2023-06-26
2023-06-28,0.4048,6,0.3543,2.0,1.2,2023-06-28
2023-07-01,0.2246,11,0.6388,7.0,3.7,2023-07-01
2023-07-03,0.2059,4,0.8275,4.0,1.6667,2023-07-03
2023-07-05,0.6143,6,0.3276,2.0,1.6,2023-07-05
2023-07-10,0.4368,11,0.4929,148.0,29.5,2023-07-10
2023-07-11,0.1921,3,0.9257,,2.6667,2023-07-11
2023-07-12,0.1367,15,0.421,623.0,107.1429,2023-07-12
2023-07-13,-0.0121,36,0.4644,49.6667,10.1515,2023-07-13
2023-07-14,0.1186,8,0.6054,,2.5,2023-07-14
2023-07-18,0.1335,5,0.5675,5.0,2.25,2023-07-18
2023-07-20,0.1512,7,0.4209,7.0,4.5,2023-07-20
2023-07-21,0.1655,5,0.5146,,1.4,2023-07-21
2023-07-22,-0.0772,1,,,1.0,2023-07-22
2023-07-23,-0.1027,1,,,1.0,2023-07-23
2023-07-26,0.0,2,0.0,,1.5,2023-07-26
2023-07-27,0.0123,7,0.597,10.5,4.8,2023-07-27
2023-07-28,0.1725,4,0.3553,,2.5,2023-07-28
2023-08-01,0.5115,2,0.3523,19.0,1.0,2023-08-01
2023-08-02,0.1463,17,0.6155,15.0,3.5625,2023-08-02
2023-08-03,-0.1425,4,0.3584,,1.5,2023-08-03
2023-08-04,0.0048,17,0.4084,202.0,117.8667,2023-08-04
2023-08-05,0.982,1,,,3.0,2023-08-05
2023-08-12,-0.1073,28,0.3767,736.0,115.4615,2023-08-12
2023-08-13,0.4638,9,0.3149,125.0,27.5,2023-08-13
2023-08-14,0.1651,26,0.4884,156.0,42.0,2023-08-14
2023-08-15,0.1325,4,0.6825,,1.5,2023-08-15
2023-08-18,-0.5267,1,,,2.0,2023-08-18
2023-08-22,0.0,2,0.0,6.0,1.0,2023-08-22
2023-08-25,-0.0541,2,1.318,5.0,1.0,2023-08-25
2023-08-26,0.0,1,,119.0,,2023-08-26
2023-08-27,0.3149,12,0.229,,6.0833,2023-08-27
2023-08-28,0.7964,1,,,1.0,2023-08-28
2023-09-03,0.0,1,,26.0,,2023-09-03
2023-09-04,0.0025,9,0.5302,233.0,48.125,2023-09-04
2023-09-05,0.0672,22,0.4495,28.0,5.5714,2023-09-05
2023-09-06,0.0758,34,0.429,21.6667,7.2258,2023-09-06
2023-09-07,0.2941,11,0.6302,6.0,0.6667,2023-09-07
2023-09-08,0.5385,3,0.4016,,2.3333,2023-09-08
2023-09-09,0.352,29,0.4348,180.0,21.1481,2023-09-09
2023-09-10,0.3925,12,0.4815,6.0,6.5,2023-09-10
2023-09-11,0.1459,15,0.5203,,2.4,2023-09-11
2023-09-12,0.4688,17,0.3816,15.3333,2.1429,2023-09-12
2023-09-13,0.7773,2,0.1375,,1.0,2023-09-13
2023-09-15,0.34,1,,,1.0,2023-09-15
2023-09-16,-0.9604,1,,,4.0,2023-09-16
2023-09-21,0.2346,11,0.5364,8.0,5.8,2023-09-21
2023-09-22,0.0071,4,0.1704,,1.25,2023-09-22
2023-09-24,0.3989,14,0.4112,56.0,23.0,2023-09-24
2023-09-25,0.3397,2,0.0304,,1.5,2023-09-25
2023-09-28,0.4284,3,0.0991,6.0,1.5,2023-09-28
2023-09-29,0.4451,3,0.4924,2.0,1.5,2023-09-29
2023-10-02,0.8576,2,0.1372,9.0,1.0,2023-10-02
2023-10-03,0.9403,1,,,1.0,2023-10-03
2023-10-04,0.0514,2,0.0726,174.0,164.0,2023-10-04
2023-10-05,-0.1076,11,0.3163,,35.5455,2023-10-05
2023-10-06,0.3924,9,0.6294,2.5,1.4286,2023-10-06
2023-10-07,0.9066,4,0.0332,2.0,1.0,2023-10-07
2023-10-12,0.3782,4,0.5013,37.0,14.3333,2023-10-12
2023-10-13,0.3252,10,0.4932,3.0,1.7778,2023-10-13
2023-10-14,0.0311,6,0.2783,,1.3333,2023-10-14
2023-10-15,0.2155,11,0.6399,30.5,23.1111,2023-10-15
2023-10-16,0.1703,5,0.4213,,2.0,2023-10-16
2023-10-18,0.09,3,0.8547,9.0,2.0,2023-10-18
2023-10-27,-0.0076,15,0.5836,119.0,21.7857,2023-10-27
2023-10-28,0.086,14,0.6014,18.0,6.2308,2023-10-28
2023-10-29,0.2454,2,0.8578,,2.5,2023-10-29
2023-10-31,0.1531,1,,,3.0,2023-10-31
2023-11-02,0.5278,12,0.5088,60.0,13.8182,2023-11-02
2023-11-03,0.5856,4,0.5573,,11.0,2023-11-03
2023-11-05,0.9785,1,,90.0,,2023-11-05
2023-11-06,0.3582,12,0.4642,,7.25,2023-11-06
2023-11-07,0.2025,7,0.4326,5.0,1.6,2023-11-07
2023-11-08,0.4085,14,0.5443,11.0,4.7692,2023-11-08
2023-11-09,-0.1784,3,0.5844,,1.6667,2023-11-09
2023-11-11,-0.1521,14,0.4396,285.0,38.3846,2023-11-11
2023-11-12,-0.0629,23,0.3068,9.5,4.2857,2023-11-12
2023-11-13,-0.064,4,0.0739,,1.5,2023-11-13
2023-11-14,-0.129,32,0.6312,204.5,153.9333,2023-11-14
2023-11-15,-0.2143,6,0.5384,,3.3333,2023-11-15
2023-11-17,-0.433,1,,,2.0,2023-11-17
2023-11-18,0.9176,2,0.0561,2.0,1.0,2023-11-18
2023-11-22,0.2626,16,0.5825,2.0,2.5333,2023-11-22
2023-11-24,0.2445,9,0.5671,11.0,1.625,2023-11-24
2023-11-25,-0.186,3,0.162,,1.3333,2023-11-25
2023-11-26,-0.2368,12,0.8514,41.0,2.2727,2023-11-26
2023-11-27,0.7526,8,0.3194,15.0,4.1667,2023-11-27
2023-11-28,-0.7717,2,0.0,,11.5,2023-11-28
2023-11-30,0.2434,3,0.4728,2.0,2.5,2023-11-30
2023-12-01,0.0,1,,,2.0,2023-12-01
2023-12-04,0.5159,12,0.4585,4.0,2.0909,2023-12-04
2023-12-06,-0.0668,17,0.4854,66.0,17.4,2023-12-06
2023-12-07,0.0742,7,0.4129,,2.7143,2023-12-07
2023-12-09,0.6335,2,0.3456,2.0,1.0,2023-12-09
2023-12-11,0.1823,11,0.4046,207.0,22.7,2023-12-11
2023-12-12,0.1827,16,0.4723,5.0,4.0667,2023-12-12
2023-12-14,0.6594,32,0.4222,81.0,5.8276,2023-12-14
2023-12-16,0.4777,27,0.5284,187.0,6.24,2023-12-16
2023-12-17,-0.4122,1,,,1.0,2023-12-17
2023-12-19,0.7765,2,0.0224,2.0,1.0,2023-12-19
2023-12-20,0.8334,5,0.177,,1.2,2023-12-20
2023-12-21,-0.2967,3,0.7022,11.0,5.0,2023-12-21
2023-12-22,0.1635,33,0.422,138.0,24.871,2023-12-22
2023-12-23,-0.1078,3,0.1867,,1.0,2023-12-23
2023-12-28,0.49,8,0.358,4.0,3.0,2023-12-28
2023-12-30,0.0,1,,,2.0,2023-12-30
2023-12-31,0.2706,5,0.4405,2.0,1.25,2023-12-31
2024-01-03,-0.045,2,1.3052,3.0,1.0,2024-01-03
2024-01-06,0.4308,4,0.3433,3.0,1.3333,2024-01-06
2024-01-07,0.3855,7,0.5632,,1.4286,2024-01-07
2024-01-08,0.3786,1,,,1.0,2024-01-08
2024-01-11,0.7668,5,0.264,33.0,3.25,2024-01-11
2024-01-12,0.5998,5,0.4362,39.0,2.25,2024-01-12
2024-01-13,0.2476,13,0.534,3.0,2.0833,2024-01-13
2024-01-14,0.1712,25,0.4837,5.0,9.087,2024-01-14
2024-01-15,0.482,4,0.3971,,1.25,2024-01-15
2024-01-16,0.2295,2,0.2154,,1.5,2024-01-16
2024-01-17,0.6522,2,0.4115,,1.0,2024-01-17
2024-01-18,-0.0585,9,0.6123,13.5,11.1429,2024-01-18
2024-01-19,0.2772,6,0.5445,,9.3333,2024-01-19
2024-01-22,-0.3041,1,,,2.0,2024-01-22
2024-01-23,-0.1852,14,0.6045,14.0,18.1538,2024-01-23
2024-01-24,0.0518,3,0.3687,3.0,2.0,2024-01-24
2024-01-25,-0.0789,20,0.408,185.5,39.6667,2024-01-25
2024-01-26,0.1669,30,0.6173,11.0,7.0714,2024-01-26
2024-01-27,0.7513,1,,,2.0,2024-01-27
2024-02-01,-0.0429,5,0.8695,9.5,1.6667,2024-02-01
2024-02-02,0.4967,2,0.1063,,1.0,2024-02-02
2024-02-06,0.3592,2,0.508,,1.0,2024-02-06
2024-02-07,0.3327,27,0.4006,26.0,6.4,2024-02-07
2024-02-08,0.3606,4,0.4164,,1.5,2024-02-08
2024-02-09,-0.0188,5,0.6546,3.0,0.5,2024-02-09
2024-02-10,0.3663,10,0.5414,2.0,1.1111,2024-02-10
2024-02-13,0.0053,14,0.5299,123.0,44.5385,2024-02-13
2024-02-14,0.1309,17,0.4759,5.0,2.25,2024-02-14
2024-02-15,-0.0516,1,,,1.0,2024-02-15
2024-02-16,0.0194,2,0.0274,2.0,1.0,2024-02-16
2024-02-23,0.0154,34,0.5309,29.3333,13.129,2024-02-23
2024-02-24,-0.407,5,0.3752,,2.8,2024-02-24
2024-02-25,0.0,1,,,1.0,2024-02-25
2024-02-26,0.722,3,0.2645,8.0,1.0,2024-02-26
2024-02-27,0.6007,9,0.6173,31.0,2.4286,2024-02-27
2024-02-28,0.6794,4,0.4219,9.0,1.6667,2024-02-28
2024-03-01,0.3104,14,0.7532,7.0,2.3077,2024-03-01
2024-03-02,-0.0562,3,0.4291,,2.3333,2024-03-02
2024-03-03,0.8345,1,,,2.0,2024-03-03
2024-03-04,0.5587,16,0.4942,1354.0,14.0667,2024-03-04
2024-03-07,-0.0423,14,0.4928,57.0,11.7692,2024-03-07
2024-03-08,-0.0349,11,0.3999,209.0,44.5,2024-03-08
2024-03-09,0.3923,5,0.354,,12.4,2024-03-09
2024-03-10,0.501,1,,,-2.0,2024-03-10
2024-03-12,0.5793,7,0.5308,6.0,1.5,2024-03-12
2024-03-13,0.3586,2,0.6421,,0.5,2024-03-13
2024-03-14,0.6836,7,0.3681,6.0,1.1667,2024-03-14
2024-03-17,-0.2024,3,0.5812,,1.6667,2024-03-17
2024-03-18,0.1586,8,0.4533,19.0,9.7143,2024-03-18
2024-03-19,-0.0329,7,0.2992,,2.0,2024-03-19
2024-03-20,0.0522,2,0.0739,,1.0,2024-03-20
2024-03-22,0.0158,2,0.6184,,1.5,2024-03-22
2024-03-24,-0.3458,2,0.489,,1.0,2024-03-24
2024-03-26,0.0139,13,0.7701,217.5,189.7273,2024-03-26
2024-03-27,-0.0624,4,0.7738,,18.0,2024-03-27
2024-03-28,0.0611,2,1.25,9.0,6.0,2024-03-28
2024-04-01,0.222,8,0.6409,6.0,2.0,2024-04-01
2024-04-02,0.5318,5,0.5384,9.0,3.5,2024-04-02
2024-04-03,0.4369,3,0.5314,2.0,0.5,2024-04-03
2024-04-04,0.2297,13,0.4152,41.0,13.1667,2024-04-04
2024-04-05,0.1949,4,0.5656,7.0,3.0,2024-04-05
2024-04-06,0.442,2,0.045,,1.5,2024-04-06
2024-04-07,0.324,16,0.4913,6.6667,1.3846,2024-04-07
2024-04-08,-0.2023,1,,,1.0,2024-04-08
2024-04-11,0.0793,15,0.736,11.5,6.1538,2024-04-11
2024-04-12,0.3834,14,0.6037,28.0,1.7692,2024-04-12
2024-04-13,-0.3815,5,0.6876,3.0,1.0,2024-04-13
2024-04-14,0.1444,6,0.4685,,1.0,2024-04-14
2024-04-19,0.1561,16,0.444,185.0,65.4667,2024-04-19
2024-04-22,-0.281,2,0.9555,9.0,1.0,2024-04-22
2024-04-23,0.5362,1,,,1.0,2024-04-23
2024-04-24,0.3723,22,0.5774,50.0,11.0,2024-04-24
2024-04-25,0.2387,14,0.5698,,4.5,2024-04-25
2024-04-26,0.5836,2,0.3444,27.0,9.0,2024-04-26
2024-04-27,0.1021,10,0.3268,,17.0,2024-04-27
2024-04-28,0.9266,2,0.0688,2.0,1.0,2024-04-28
2024-04-29,-0.3707,1,,,1.0,2024-04-29
2024-04-30,-0.1934,4,0.71,,1.5,2024-04-30
2024-05-02,0.3818,4,0.4507,3.0,1.0,2024-05-02
2024-05-04,0.0236,8,0.6764,1.0,11.5714,2024-05-04
2024-05-05,0.9913,1,,,1.0,2024-05-05
2024-05-06,0.1681,43,0.6794,5.0,4.5897,2024-05-06
2024-05-07,0.0419,14,0.615,2.0,1.3077,2024-05-07
2024-05-08,-0.9455,1,,,2.0,2024-05-08
2024-05-10,0.1693,5,0.7171,5.0,4.5,2024-05-10
2024-05-11,-0.1628,7,0.4846,3.0,1.8333,2024-05-11
2024-05-12,0.2543,4,0.7667,5.0,1.0,2024-05-12
2024-05-13,-0.1601,1,,,3.0,2024-05-13
2024-05-14,0.8761,1,,,2.0,2024-05-14
2024-05-15,0.0383,15,0.4474,389.0,56.4286,2024-05-15
2024-05-16,0.3248,24,0.6728,79.25,24.5,2024-05-16
2024-05-17,0.2115,14,0.3664,,21.7143,2024-05-17
2024-05-18,0.3612,1,,,2.0,2024-05-18
2024-05-19,-0.0559,13,0.6192,282.0,192.9167,2024-05-19
2024-05-20,0.7096,1,,,1.0,2024-05-20
2024-05-21,0.1198,10,0.4114,49.0,10.6667,2024-05-21
2024-05-22,0.7731,3,0.1091,,2.0,2024-05-22
2024-05-23,-0.0164,30,0.5292,245.0,85.3571,2024-05-23
2024-05-24,0.6561,10,0.3641,23.0,2.2222,2024-05-24
2024-05-25,0.0739,22,0.502,106.0,25.2,2024-05-25
2024-05-26,0.24,17,0.4835,57.0,15.3125,2024-05-26
2024-05-27,-0.1303,7,0.4312,3.0,1.8333,2024-05-27
2024-05-28,0.3446,8,0.6625,2.0,1.2857,2024-05-28
2024-05-29,0.24,9,0.7133,2.0,1.0,2024-05-29
2024-05-30,-0.0676,14,0.5039,61.0,67.1538,2024-05-30
2024-05-31,-0.2183,3,0.1967,,1.3333,2024-05-31
2024-06-01,0.4936,17,0.3639,3.0,1.5333,2024-06-01
2024-06-02,0.7462,3,0.0656,,1.0,2024-06-02
2024-06-03,0.3793,9,0.3631,9.0,1.625,2024-06-03
2024-06-04,0.0567,3,0.6402,,1.0,2024-06-04
2024-06-05,0.091,8,0.6106,11.0,3.1667,2024-06-05
2024-06-06,0.2644,10,0.4759,,1.6,2024-06-06
2024-06-07,0.5291,7,0.3801,5.0,2.4,2024-06-07
2024-06-09,0.6114,1,,,1.0,2024-06-09
2024-06-11,0.0,1,,,0.0,2024-06-11
2024-06-13,-0.0036,2,1.2466,2.0,1.0,2024-06-13
2024-06-17,0.1121,16,0.5427,5.0,1.6,2024-06-17
2024-06-18,-0.0528,14,0.6112,203.0,34.3846,2024-06-18
2024-06-19,0.6486,1,,,1.0,2024-06-19
2024-06-20,0.417,7,0.3252,10.0,5.4,2024-06-20
2024-06-21,0.0,1,,,3.0,2024-06-21
2024-06-23,0.2704,32,0.4063,68.0,58.7667,2024-06-23
2024-06-24,0.6067,23,0.3703,20.25,4.3684,2024-06-24
2024-06-25,0.463,7,0.6294,,1.5714,2024-06-25
2024-06-26,0.6883,5,0.4406,,1.4,2024-06-26
2024-06-27,0.409,3,0.4036,0.0,1.5,2024-06-27
2024-06-29,-0.5257,2,0.1227,2.0,1.0,2024-06-29
2024-06-30,0.296,1,,,1.0,2024-06-30
2024-07-01,0.5756,14,0.4701,22.0,2.2308,2024-07-01
2024-07-02,0.3102,6,0.3199,3.0,1.8,2024-07-02
2024-07-03,0.0737,10,0.5276,73.0,23.7778,2024-07-03
2024-07-04,0.1746,5,0.554,,7.0,2024-07-04
2024-07-05,0.0,1,,,1.0,2024-07-05
2024-07-09,0.21,2,0.2971,,1.0,2024-07-09
2024-07-10,0.3526,7,0.7055,4.0,1.4,2024-07-10
2024-07-11,0.2366,9,0.5798,5.0,2.0,2024-07-11
2024-07-12,-0.0181,3,0.6726,,2.3333,2024-07-12
2024-07-14,0.2975,6,0.3444,,1.1667,2024-07-14
2024-07-15,0.1232,8,0.228,1.0,1.0,2024-07-15
2024-07-16,0.6249,1,,,1.0,2024-07-16
2024-07-17,0.8308,1,,,1.0,2024-07-17
2024-07-19,0.2558,24,0.5525,71.75,8.45,2024-07-19
2024-07-20,0.1782,26,0.532,2.0,8.0,2024-07-20
2024-07-21,0.41,2,0.5799,11.0,2.0,2024-07-21
2024-07-22,0.8885,1,,,2.0,2024-07-22
2024-07-23,-0.1706,2,0.2413,7.0,1.0,2024-07-23
2024-07-24,0.2792,6,0.8019,4.0,5.8,2024-07-24
2024-07-25,0.6266,4,0.1203,,1.0,2024-07-25
2024-07-26,0.1815,6,0.8126,2.0,2.0,2024-07-26
2024-07-27,0.1856,5,0.4367,1.0,2.25,2024-07-27
2024-07-28,0.3343,10,0.5044,6.0,2.2222,2024-07-28
2024-07-29,0.9497,1,,,3.0,2024-07-29
2024-07-30,0.479,16,0.4528,589.0,16.1333,2024-07-30
2024-08-03,0.3289,32,0.6147,765.0,47.6,2024-08-03
2024-08-04,0.0,1,,,2.0,2024-08-04
2024-08-05,0.7302,2,0.2238,,1.5,2024-08-05
2024-08-06,0.68,1,,,1.0,2024-08-06
2024-08-10,0.8575,2,0.0192,29.0,2.0,2024-08-10
2024-08-11,0.4899,15,0.385,2.0,1.7143,2024-08-11
2024-08-12,-0.0227,2,1.3207,4.0,1.0,2024-08-12
2024-08-13,-0.425,2,0.601,1.0,0.0,2024-08-13
2024-08-14,0.9238,1,,,2.0,2024-08-14
2024-08-15,0.7156,2,0.0637,2.0,1.0,2024-08-15
2024-08-16,0.4845,1,,,1.0,2024-08-16
2024-08-17,-0.1179,10,0.6196,40.0,12.7778,2024-08-17
2024-08-18,0.3525,5,0.4189,,1.2,2024-08-18
2024-08-19,0.2043,14,0.5076,40.0,9.2308,2024-08-19
2024-08-20,0.5242,6,0.3022,9.0,10.2,2024-08-20
2024-08-21,0.6544,16,0.337,27.0,5.5833,2024-08-21
2024-08-22,-0.002,14,0.6276,4.2,3.4444,2024-08-22
2024-08-23,-0.0831,6,0.0497,,2.3333,2024-08-23
2024-08-24,0.0846,9,0.6246,17.0,1.5,2024-08-24
2024-08-25,0.0,1,,7.0,,2024-08-25
2024-08-26,0.3464,18,0.5465,265.0,7.875,2024-08-26
2024-08-27,0.63,31,0.357,286.6667,5.3214,2024-08-27
2024-08-28,0.8662,2,0.1244,1.5,,2024-08-28
2024-08-29,0.4068,19,0.5003,8.0,3.1111,2024-08-29
2024-08-30,-0.1841,35,0.6838,205.3333,62.3125,2024-08-30
2024-08-31,0.4378,6,0.7269,2.0,2.4,2024-08-31
2024-09-01,-0.2429,7,0.6339,1.0,1.0,2024-09-01
2024-09-02,-0.0766,2,0.1083,,1.0,2024-09-02
2024-09-03,0.2288,25,0.5156,16.0,6.1739,2024-09-03
2024-09-04,0.0694,7,0.5999,,1.7143,2024-09-04
2024-09-05,0.5426,16,0.3051,1145.0,20.7333,2024-09-05
2024-09-06,0.4765,8,0.4258,5.5,1.3333,2024-09-06
2024-09-07,0.4157,5,0.7414,2.0,1.75,2024-09-07
2024-09-09,0.2078,12,0.6637,52.5,9.6,2024-09-09
2024-09-10,0.8541,4,0.0666,,14.5,2024-09-10
2024-09-11,0.7949,2,0.1911,,1.5,2024-09-11
2024-09-13,-0.0757,33,0.5665,606.5,76.0968,2024-09-13
2024-09-14,0.4459,19,0.4761,3.0,1.7143,2024-09-14
2024-09-15,0.572,9,0.4766,11.0,2.375,2024-09-15
2024-09-16,0.3435,14,0.6016,53.5,9.0833,2024-09-16
2024-09-17,0.3431,14,0.5959,,2.8571,2024-09-17
2024-09-18,0.0645,18,0.7703,5.2,3.6154,2024-09-18
2024-09-19,0.2685,21,0.6218,,1.5714,2024-09-19
2024-09-20,0.2172,12,0.5989,4.0,2.0,2024-09-20
2024-09-21,0.0367,18,0.4173,53.3333,20.8,2024-09-21
2024-09-22,-0.3493,12,0.4714,,2.9167,2024-09-22
2024-09-23,-0.0613,23,0.4902,114.3333,26.9,2024-09-23
2024-09-24,-0.1338,6,0.3978,,1.3333,2024-09-24
2024-09-26,0.4215,2,0.0,,1.0,2024-09-26
2024-09-27,0.2366,7,0.6643,5.0,2.3333,2024-09-27
2024-09-28,0.1337,16,0.7044,214.0,70.3333,2024-09-28
2024-10-01,0.1432,19,0.4931,31.0,17.4706,2024-10-01
2024-10-02,0.2107,8,0.4234,2.0,1.1429,2024-10-02
2024-10-03,-0.0936,1,,,1.0,2024-10-03
2024-10-04,-0.1132,2,0.16,,1.0,2024-10-04
2024-10-05,0.4767,1,,7.0,,2024-10-05
2024-10-06,0.0436,18,0.6612,5.0,8.5294,2024-10-06
2024-10-07,0.8769,2,0.1645,9.0,1.0,2024-10-07
2024-10-08,0.0901,9,0.6677,5.5,2.2857,2024-10-08
2024-10-09,0.1411,12,0.5442,8.0,1.6364,2024-10-09
2024-10-10,0.2042,6,0.7793,2.0,1.4,2024-10-10
2024-10-11,0.0,1,,,1.0,2024-10-11
2024-10-14,-0.9136,1,,,1.0,2024-10-14
2024-10-15,0.0439,2,1.1795,3.0,1.0,2024-10-15
2024-10-16,0.1362,8,0.4531,4.0,2.0,2024-10-16
2024-10-17,0.1028,32,0.5144,225.0,33.6774,2024-10-17
2024-10-18,-0.0162,12,0.6175,5.0,1.5455,2024-10-18
2024-10-19,0.2263,1,,,1.0,2024-10-19
2024-10-20,-0.2206,4,0.6718,,1.5,2024-10-20
2024-10-25,0.7432,8,0.3135,9.0,2.0,2024-10-25
2024-10-26,0.0622,2,0.9718,,0.5,2024-10-26
2024-10-27,-0.6666,4,0.0,,1.0,2024-10-27
2024-10-29,-0.3291,1,,,2.0,2024-10-29
2024-10-31,0.4274,4,0.3321,12.0,12.3333,2024-10-31
2024-11-02,0.2082,10,0.4456,6.5,5.875,2024-11-02
2024-11-03,0.4983,4,0.3746,6.0,3.3333,2024-11-03
2024-11-04,0.8125,2,0.0925,2.0,1.0,2024-11-04
2024-11-05,-0.1204,3,0.9231,2.0,1.0,2024-11-05
2024-11-06,0.0764,18,0.461,28.0,7.9412,2024-11-06
2024-11-07,0.2825,33,0.5751,13.6667,2.0667,2024-11-07
2024-11-08,0.4508,6,0.713,1.0,1.6,2024-11-08
2024-11-10,0.0798,14,0.4988,57.0,37.0769,2024-11-10
2024-11-11,0.2529,17,0.4916,24.0,18.3333,2024-11-11
2024-11-12,0.0526,15,0.6863,,3.6667,2024-11-12
2024-11-13,0.1081,44,0.6719,134.0,25.2632,2024-11-13
2024-11-14,0.0493,8,0.388,2.0,1.8571,2024-11-14
2024-11-18,0.4156,14,0.3869,52.0,69.0769,2024-11-18
2024-11-20,0.5411,8,0.3595,2.0,2.0,2024-11-20
2024-11-21,-0.0303,2,0.7019,,1.0,2024-11-21
2024-11-23,0.3201,15,0.5249,81.0,56.4286,2024-11-23
2024-11-24,0.0684,18,0.4214,11.3333,21.4,2024-11-24
2024-11-25,0.3431,6,0.2773,19.5,1.25,2024-11-25
2024-11-26,0.0,1,,1.0,,2024-11-26
2024-11-28,0.145,26,0.6125,36.6667,2.7826,2024-11-28
2024-11-29,0.0059,17,0.596,1.5,2.9333,2024-11-29
2024-11-30,-0.1332,23,0.4359,31.5,12.7143,2024-11-30
2024-12-02,0.6123,14,0.3968,135.0,2.9231,2024-12-02
2024-12-03,0.301,7,0.5043,3.0,1.6667,2024-12-03
2024-12-04,-0.1206,2,0.1705,2.0,1.0,2024-12-04
2024-12-05,0.9888,1,,,1.0,2024-12-05
2024-12-07,-0.1289,2,0.5023,6.0,2.0,2024-12-07
2024-12-08,0.0226,3,0.9408,2.0,1.0,2024-12-08
2024-12-09,0.1851,6,0.9033,,1.0,2024-12-09
2024-12-12,-0.0615,3,0.6838,2.0,2.0,2024-12-12
2024-12-13,0.4249,2,0.3321,,1.5,2024-12-13
2024-12-15,0.4926,1,,,1.0,2024-12-15
2024-12-17,0.0516,1,,,1.0,2024-12-17
2024-12-18,0.1053,48,0.3671,57.0,9.6818,2024-12-18
2024-12-19,-0.4405,6,0.3974,,3.0,2024-12-19
2024-12-20,0.033,5,0.4409,,1.2,2024-12-20
2024-12-21,0.1764,2,0.2494,8.0,1.0,2024-12-21
2024-12-22,0.859,2,0.1647,,2.5,2024-12-22
2024-12-23,0.8095,2,0.2275,1.0,1.0,2024-12-23
2024-12-25,-0.291,9,0.6136,3.0,2.125,2024-12-25
2024-12-26,-0.0462,4,0.6686,,1.0,2024-12-26
2024-12-27,0.5431,28,0.5256,1.3333,1.72,2024-12-27
2024-12-28,-0.2278,2,0.5387,,1.0,2024-12-28
2024-12-29,0.2888,16,0.5151,278.0,161.6667,2024-12-29
2024-12-30,-0.1378,37,0.4375,65.0,13.1765,2024-12-30
2024-12-31,0.4753,7,0.3801,2.0,1.0,2024-12-31
2025-01-01,-0.4994,5,0.2057,,1.4,2025-01-01
2025-01-03,0.9022,2,0.1061,42.0,1.0,2025-01-03
2025-01-04,0.218,10,0.4099,1.0,1.4444,2025-01-04
2025-01-05,-0.0608,4,0.8204,3.0,1.0,2025-01-05
2025-01-06,0.2856,33,0.5848,26.0,35.3226,2025-01-06
2025-01-07,-0.0271,5,0.8349,5.5,3.3333,2025-01-07
2025-01-08,0.1009,5,0.8183,,3.2,2025-01-08
2025-01-09,0.5574,2,0.1497,,3.5,2025-01-09
2025-01-10,-0.0431,4,0.0739,14.0,3.3333,2025-01-10
2025-01-11,0.5897,2,0.2379,,2.5,2025-01-11
2025-01-12,-0.0017,19,0.3983,5.5,4.5882,2025-01-12
2025-01-13,0.5216,36,0.3562,571.6667,5.5455,2025-01-13
2025-01-14,-0.2781,3,0.1479,1.0,1.0,2025-01-14
2025-01-15,0.5491,10,0.3921,2.0,2.75,2025-01-15
2025-01-16,0.203,19,0.5961,5.0,4.2222,2025-01-16
2025-01-17,0.0769,15,0.6359,122.3333,27.5833,2025-01-17
2025-01-18,0.3174,15,0.309,,5.3333,2025-01-18
2025-01-19,0.4404,1,,,1.0,2025-01-19
2025-01-20,0.8243,1,,5.0,,2025-01-20
2025-01-21,0.6205,9,0.3807,20.3333,1.3333,2025-01-21
2025-01-22,0.3313,8,0.6487,2.5,2.5,2025-01-22
2025-01-23,0.5962,14,0.3948,2.0,2.0,2025-01-23
2025-01-24,0.1611,13,0.6183,10.0,10.5833,2025-01-24
2025-01-25,0.4949,5,0.5154,,2.8,2025-01-25
2025-01-26,-0.1177,6,0.8598,3.6667,2.3333,2025-01-26
2025-01-27,-0.7184,1,,,2.0,2025-01-27
2025-01-28,0.1335,13,0.6045,14.0,5.5455,2025-01-28
2025-01-29,0.1968,42,0.7169,24.0,3.2432,2025-01-29
2025-01-30,0.5698,20,0.4423,57.0,2.7368,2025-01-30
2025-01-31,0.4543,63,0.5352,84.8,2.2414,2025-01-31
2025-02-01,0.8203,6,0.2029,2.5,2.75,2025-02-01
2025-02-02,0.2103,8,0.4727,,1.375,2025-02-02
2025-02-03,0.6486,1,,3.0,,2025-02-03
2025-02-04,0.398,8,0.3852,,0.875,2025-02-04
2025-02-05,0.796,1,,3.0,,2025-02-05
2025-02-06,0.29,6,0.6109,4.0,1.8,2025-02-06
2025-02-07,0.802,4,0.0883,11.0,2.0,2025-02-07
2025-02-08,-0.4159,4,0.9435,9.5,1.0,2025-02-08
2025-02-09,0.0747,14,0.5175,,6.9286,2025-02-09
2025-02-10,0.4774,31,0.6039,204.0,1.7931,2025-02-10
2025-02-11,0.6472,9,0.2971,0.0,2.125,2025-02-11
2025-02-12,-0.1328,11,0.5294,259.0,59.8,2025-02-12
2025-02-13,0.4935,33,0.4064,176.0,47.129,2025-02-13
2025-02-14,-0.1158,2,0.1637,,1.0,2025-02-14
2025-02-15,0.2078,1,,10.0,,2025-02-15
2025-02-16,0.0554,4,0.6831,,1.25,2025-02-16
2025-02-17,0.575,2,0.1904,,1.0,2025-02-17
2025-02-18,0.1996,7,0.3903,11.5,3.2,2025-02-18
2025-02-19,-0.4304,3,0.4254,,1.6667,2025-02-19
2025-02-20,0.2977,16,0.4861,3.75,1.3333,2025-02-20
2025-02-21,0.1216,21,0.5027,439.6667,115.2222,2025-02-21
2025-02-22,0.085,19,0.5265,2.0,12.0556,2025-02-22
2025-02-23,0.1646,15,0.5607,4.5,1.5385,2025-02-23
2025-02-24,-0.1468,9,0.5152,23.0,13.1429,2025-02-24
2025-02-25,0.3074,19,0.4757,550.0,45.0556,2025-02-25
2025-02-26,0.3776,19,0.4671,427.0,11.8235,2025-02-26
2025-02-27,0.4795,7,0.4793,3.0,2.5,2025-02-27
2025-02-28,0.5803,6,0.4514,,1.3333,2025-02-28
2025-03-01,0.2417,8,0.386,153.0,88.5714,2025-03-01
2025-03-02,0.323,8,0.6088,,11.125,2025-03-02
2025-03-03,0.126,4,0.6725,,2.5,2025-03-03
2025-03-04,0.149,14,0.5869,3.0,2.8462,2025-03-04
2025-03-05,-0.0256,3,0.1429,,2.0,2025-03-05
2025-03-06,0.2931,15,0.5177,151.0,26.5,2025-03-06
2025-03-07,0.1173,10,0.6949,31.5,8.625,2025-03-07
2025-03-08,-0.5043,2,0.6402,3.0,2.0,2025-03-08
2025-03-09,0.2018,16,0.5062,151.0,28.0,2025-03-09
2025-03-10,0.3106,3,0.538,,3.3333,2025-03-10
2025-03-11,0.0166,3,0.925,6.0,1.5,2025-03-11
2025-03-12,-0.061,10,0.5398,63.0,23.4444,2025-03-12
2025-03-13,0.182,4,0.4564,,4.0,2025-03-13
2025-03-14,-0.1231,15,0.483,19.0,5.6429,2025-03-14
2025-03-15,0.5002,5,0.3728,,1.8,2025-03-15
2025-03-16,0.1604,8,0.7012,6.0,2.5,2025-03-16
2025-03-17,0.582,29,0.4031,8.0,2.6154,2025-03-17
2025-03-18,0.0648,18,0.4902,23.0,6.4118,2025-03-18
2025-03-19,0.0193,3,0.4381,,0.6667,2025-03-19
2025-03-20,-0.1326,17,0.3487,86.0,14.4375,2025-03-20
2025-03-21,0.4735,28,0.5087,184.5,4.0,2025-03-21
2025-03-22,-0.4975,5,0.4552,3.0,1.25,2025-03-22
2025-03-23,0.1494,2,0.0481,,1.5,2025-03-23
2025-03-24,0.0025,9,0.5093,4.0,1.5,2025-03-24
2025-03-25,-0.0809,4,0.3625,,1.0,2025-03-25
2025-03-26,0.1639,3,0.1713,,1.0,2025-03-26
2025-03-27,0.1459,19,0.5628,185.3333,38.375,2025-03-27
2025-03-28,0.0803,27,0.524,3.0,18.8462,2025-03-28
2025-03-29,-0.6395,6,0.2099,,2.1667,2025-03-29
2025-03-30,0.2051,4,0.7037,5.5,2.0,2025-03-30
2025-03-31,0.1983,7,0.4262,3.0,1.6667,2025-03-31
2025-04-01,0.1864,9,0.7318,5.0,2.75,2025-04-01
2025-04-02,-0.1254,20,0.5284,116.0,25.3684,2025-04-02
2025-04-03,0.5101,12,0.6059,27.0,4.0,2025-04-03
2025-04-04,-0.0756,15,0.3091,93.0,11.6429,2025-04-04
2025-04-05,0.2879,15,0.4026,50.0,4.9286,2025-04-05
2025-04-06,-0.2224,8,0.6581,25.0,11.5714,2025-04-06
2025-04-07,0.1836,7,0.5342,,1.5714,2025-04-07
2025-04-08,0.0,1,,,3.0,2025-04-08
2025-04-09,0.6144,44,0.4447,296.4,3.2821,2025-04-09
2025-04-10,0.3112,17,0.5164,16.6667,2.4286,2025-04-10
2025-04-11,-0.0408,4,1.0309,,1.0,2025-04-11
2025-04-12,0.1672,1,,5.0,,2025-04-12
2025-04-13,0.3182,1,,1.0,,2025-04-13
2025-04-14,-0.0668,5,0.5842,2.0,2.0,2025-04-14
2025-04-15,0.2704,43,0.5839,35.75,4.5641,2025-04-15
2025-04-16,-0.4375,10,0.418,2.0,3.1111,2025-04-16
2025-04-17,0.2606,22,0.5106,165.0,22.7619,2025-04-17
2025-04-18,-0.1379,3,0.7805,3.0,1.0,2025-04-18
2025-04-19,-0.0137,8,0.6706,2.0,1.2857,2025-04-19
2025-04-20,0.2602,2,0.368,,1.5,2025-04-20
2025-04-21,0.0,1,,,1.0,2025-04-21
2025-04-22,-0.0299,7,0.7976,14.0,2.6,2025-04-22
2025-04-23,0.3348,2,0.4735,,1.0,2025-04-23
2025-04-24,0.0121,13,0.5546,43.0,20.8333,2025-04-24
2025-04-25,0.0733,14,0.6067,2.0,2.1538,2025-04-25
2025-04-26,-0.2494,3,0.7872,3.0,2.0,2025-04-26
2025-04-27,0.2412,8,0.5304,,1.375,2025-04-27
2025-04-29,0.4023,1,,,1.0,2025-04-29
2025-04-30,-0.2881,4,0.6044,3.0,1.0,2025-04-30
2025-05-01,-0.0415,19,0.4048,26.3333,6.6875,2025-05-01
2025-05-02,0.4528,33,0.3948,367.0,1.4516,2025-05-02
2025-05-03,0.7129,16,0.2532,,1.0,2025-05-03
2025-05-05,-0.4345,4,0.5807,3.0,2.3333,2025-05-05
2025-05-06,-0.0128,33,0.4765,79.25,24.8621,2025-05-06
2025-05-07,0.2216,8,0.6128,4.0,2.4286,2025-05-07
2025-05-08,0.0846,10,0.3656,5.0,4.8889,2025-05-08
2025-05-09,-0.2091,5,0.2885,,1.0,2025-05-09
2025-05-10,-0.6469,2,0.0,,1.0,2025-05-10
2025-05-11,0.9711,1,,7.0,,2025-05-11
2025-05-12,0.0382,27,0.5412,51.0,25.0417,2025-05-12
2025-05-13,0.1027,15,0.5089,2.0,2.0,2025-05-13
2025-05-14,0.1567,3,0.9794,,2.3333,2025-05-14
2025-05-15,0.0,1,,,1.0,2025-05-15
2025-05-16,0.3916,20,0.7648,8.5,1.6111,2025-05-16
2025-05-17,0.1412,8,0.2614,,2.0,2025-05-17
2025-05-18,0.2382,1,,,1.0,2025-05-18
2025-05-19,0.1019,22,0.628,79.0,27.7619,2025-05-19
2025-05-20,-0.0778,6,0.2852,2.0,1.2,2025-05-20
2025-05-21,0.3916,7,0.5747,,1.1429,2025-05-21
2025-05-22,0.794,3,0.1098,2.0,1.0,2025-05-22
2025-05-23,0.0902,9,0.336,14.0,2.625,2025-05-23
2025-05-24,-0.0487,7,0.591,2.0,2.0,2025-05-24
2025-05-25,0.9603,1,,1.0,,2025-05-25
2025-05-26,0.887,1,,1.0,,2025-05-26
2025-05-27,0.6705,1,,2.0,,2025-05-27
2025-05-28,0.128,1,,,2.0,2025-05-28
2025-05-30,0.2025,8,0.5747,16.0,7.8571,2025-05-30
2025-05-31,0.1904,16,0.5515,2.5,1.8571,2025-05-31
2025-06-01,-0.1136,3,0.7551,,1.6667,2025-06-01
2025-06-02,-0.531,2,0.3646,,1.0,2025-06-02
2025-06-03,0.2739,13,0.5076,12.0,5.5455,2025-06-03
2025-06-04,0.1995,6,0.3688,,5.6667,2025-06-04
2025-06-05,-0.0419,17,0.7227,28.0,4.8,2025-06-05
2025-06-06,0.0917,47,0.4793,461.0,69.3409,2025-06-06
2025-06-07,0.0358,27,0.6757,3.0,7.5833,2025-06-07
2025-06-08,0.1033,8,0.3654,,3.875,2025-06-08
2025-06-09,-0.2363,12,0.4427,14.0,1.3636,2025-06-09
2025-06-10,0.2202,2,0.3114,3.0,2.0,2025-06-10
2025-06-11,0.8094,5,0.1739,,2.0,2025-06-11
2025-06-12,0.0767,24,0.5861,169.0,6.8261,2025-06-12
2025-06-13,0.2379,31,0.5331,158.5,25.0741,2025-06-13
2025-06-14,0.1237,18,0.4978,23.0,8.8667,2025-06-14
2025-06-15,0.2582,5,0.7044,9.5,1.3333,2025-06-15
2025-06-16,-0.0452,13,0.4572,2.0,1.1818,2025-06-16
2025-06-17,0.4031,17,0.5261,5.25,2.1538,2025-06-17
2025-06-18,-0.0908,4,0.5677,2.0,1.0,2025-06-18
2025-06-19,0.4331,10,0.339,,1.1,2025-06-19
2025-06-20,0.0386,6,0.6401,9.5,1.0,2025-06-20
2025-06-21,0.4113,25,0.3871,1146.0,115.8261,2025-06-21
2025-06-22,0.4017,8,0.5188,,4.125,2025-06-22
2025-06-23,-0.3478,5,0.5402,3.0,1.0,2025-06-23
2025-06-24,0.1549,6,0.5419,3.0,1.2,2025-06-24
2025-06-25,0.0998,4,0.7561,3.0,2.5,2025-06-25
2025-06-26,0.7244,2,0.0937,1.0,1.0,2025-06-26
2025-06-27,0.3578,6,0.7499,15.6667,1.6667,2025-06-27
2025-06-28,0.1643,51,0.6152,27.5,8.7234,2025-06-28
2025-06-29,0.3345,9,0.4453,,3.2222,2025-06-29
2025-06-30,0.8695,8,0.086,2.0,1.5714,2025-06-30
2025-07-01,0.2825,23,0.564,2.0,1.7619,2025-07-01
2025-07-02,0.3173,18,0.5009,1.0,1.4706,2025-07-02
2025-07-03,0.5382,7,0.5015,1.0,1.3333,2025-07-03
2025-07-04,0.5367,5,0.4959,12.0,1.5,2025-07-04
2025-07-05,0.2668,5,0.2751,1.0,0.3333,2025-07-05
2025-07-06,0.1418,2,0.628,,1.0,2025-07-06
2025-07-07,0.2832,3,0.7568,58.0,5.0,2025-07-07
2025-07-08,0.2952,37,0.4918,21.75,6.1212,2025-07-08
2025-07-09,0.174,30,0.5471,3.25,2.0,2025-07-09
2025-07-10,0.3714,8,0.4823,,1.5,2025-07-10
2025-07-11,0.0536,23,0.4923,2.6667,1.5,2025-07-11
2025-07-12,0.3365,10,0.5581,11.0,1.3333,2025-07-12
2025-07-13,0.4283,7,0.4752,,15.0,2025-07-13
2025-07-14,0.0429,7,0.8712,2.0,3.0,2025-07-14
2025-07-15,0.0205,4,0.6838,2.0,1.0,2025-07-15
2025-07-16,0.8408,4,0.0804,2.0,1.0,2025-07-16
2025-07-17,0.4693,20,0.3916,11.5,2.625,2025-07-17
2025-07-18,0.2275,31,0.6776,1.8,1.3846,2025-07-18
2025-07-19,0.1954,21,0.5581,11.0,4.4,2025-07-19
2025-07-20,0.4459,15,0.4527,,1.9333,2025-07-20
2025-07-21,0.1754,18,0.5247,16.0,4.2353,2025-07-21
2025-07-22,0.2085,16,0.4852,6.0,2.2308,2025-07-22
2025-07-23,0.0423,16,0.3257,6.5,2.5,2025-07-23
2025-07-24,-0.012,29,0.4789,49.0,8.0,2025-07-24
2025-07-25,0.5547,49,0.4932,152.5,10.4222,2025-07-25
2025-07-26,0.153,3,0.6643,,1.0,2025-07-26
2025-07-27,0.0771,7,0.594,13.0,1.1667,2025-07-27
2025-07-28,-0.1883,23,0.4743,1.3333,2.4,2025-07-28
2025-07-29,0.2899,2,0.1584,,2.0,2025-07-29
2025-07-30,0.2009,11,0.7252,2.0,1.2222,2025-07-30
2025-07-31,0.112,21,0.5837,1.25,2.2353,2025-07-31
2025-08-01,0.359,15,0.5684,35.75,2.5455,2025-08-01
2025-08-02,0.1982,30,0.6073,6.5,1.6538,2025-08-02
2025-08-03,0.3184,13,0.5066,12.0,2.9167,2025-08-03
2025-08-04,0.0143,19,0.4453,3.5,0.8235,2025-08-04
2025-08-05,0.0329,33,0.443,26.3333,6.5667,2025-08-05
2025-08-06,0.2317,4,0.3196,1.0,1.3333,2025-08-06
2025-08-07,0.5285,11,0.4226,2.0,2.6667,2025-08-07
2025-08-08,-0.0452,12,0.5424,3.3333,1.5556,2025-08-08
2025-08-09,0.1792,20,0.6606,6.5,2.7222,2025-08-09
2025-08-10,0.3229,33,0.4747,13.3333,7.3,2025-08-10
2025-08-11,0.1092,11,0.5543,2.0,1.4444,2025-08-11
2025-08-12,0.4748,13,0.5852,32.0,1.5,2025-08-12
2025-08-13,0.7306,8,0.3765,0.0,1.0,2025-08-13
2025-08-15,0.3121,33,0.3951,24.3333,3.8667,2025-08-15
2025-08-16,0.3196,18,0.5774,2.6667,3.2,2025-08-16
2025-08-17,-0.1423,16,0.4408,1.5,1.5,2025-08-17
2025-08-18,0.3653,5,0.4111,5.0,2.75,2025-08-18
2025-08-19,0.0485,22,0.6396,4.3333,2.6842,2025-08-19
2025-08-20,0.2013,41,0.4811,199.0,2.4737,2025-08-20
2025-08-21,0.2617,43,0.5667,42.5,39.6667,2025-08-21
2025-08-22,0.3093,49,0.4956,158.3333,2.0435,2025-08-22
2025-08-23,0.3006,11,0.436,3.0,1.6667,2025-08-23
2025-08-24,0.0306,6,0.9333,3.6667,1.0,2025-08-24
2025-08-25,0.2193,21,0.6048,3.6667,2.3889,2025-08-25
2025-08-26,0.311,57,0.4324,19.6,6.25,2025-08-26
2025-08-27,0.1886,34,0.5544,72.5,28.1667,2025-08-27
2025-08-28,0.1352,51,0.5939,21.0,11.1915,2025-08-28
2025-08-29,0.2879,46,0.492,9.0,2.814,2025-08-29
2025-08-30,0.227,22,0.6145,2.0,3.0,2025-08-30
2025-08-31,0.296,1,,,1.0,2025-08-31
2025-09-01,0.1287,26,0.5784,7.0,1.3182,2025-09-01
2025-09-02,0.0687,27,0.4926,30.1667,5.7619,2025-09-02
2025-09-03,0.5158,25,0.5362,38.0,49.9545,2025-09-03
2025-09-04,0.1165,18,0.3755,24.0,12.125,2025-09-04
2025-09-05,0.0499,44,0.5367,780.6667,38.6829,2025-09-05
2025-09-06,-0.2192,3,0.9697,2.0,1.0,2025-09-06
2025-09-07,0.2158,17,0.5377,6.6667,3.0,2025-09-07
2025-09-08,0.3423,7,0.3782,11.5,1.4,2025-09-08
2025-09-09,0.2243,19,0.5689,17.5,6.5294,2025-09-09
2025-09-10,0.1939,28,0.5316,27.0,13.7273,2025-09-10
2025-09-11,0.1984,27,0.5226,2.5,5.6087,2025-09-11
2025-09-12,0.2615,18,0.5384,35.0,5.0,2025-09-12
2025-09-13,0.2103,16,0.5519,2.0,3.0,2025-09-13
2025-09-14,-0.0059,7,0.8376,4.0,1.5,2025-09-14
2025-09-15,0.0555,33,0.4979,5.0,2.2759,2025-09-15
2025-09-16,0.1864,29,0.6652,3.5,1.5217,2025-09-16
2025-09-17,0.0938,25,0.5662,50.5,9.8261,2025-09-17
2025-09-18,0.5597,18,0.471,56.6667,1.6667,2025-09-18
2025-09-19,0.0215,27,0.5332,13.3333,9.5833,2025-09-19
2025-09-20,0.2489,8,0.6519,6.5,1.1667,2025-09-20
2025-09-21,0.1542,17,0.6541,2.3333,1.7143,2025-09-21
2025-09-22,0.0236,35,0.5561,23.25,12.0645,2025-09-22
2025-09-23,-0.099,8,0.5106,2.0,2.8571,2025-09-23
2025-09-24,0.215,32,0.5724,4.8571,1.44,2025-09-24
2025-09-25,0.1249,9,0.7076,3.0,1.4286,2025-09-25
2025-09-26,0.1525,29,0.59,154.5,8.4074,2025-09-26
2025-09-27,-0.054,10,0.8135,40.0,3.375,2025-09-27
2025-09-28,0.4187,23,0.4298,27.3333,10.2,2025-09-28
2025-09-29,0.255,27,0.5215,3.5,5.0,2025-09-29
2025-09-30,0.4629,5,0.473,3.0,3.5,2025-09-30
2025-10-01,0.1303,43,0.5373,4.8333,3.3514,2025-10-01
2025-10-02,0.2289,15,0.358,3.0,3.6429,2025-10-02
2025-10-03,0.0243,4,0.2568,171.0,31.3333,2025-10-03
2025-10-04,-0.0428,12,0.5176,,19.1667,2025-10-04
2025-10-05,0.2365,24,0.5057,11.6667,1.7143,2025-10-05
2025-10-06,0.352,16,0.3836,2.5,1.8571,2025-10-06
2025-10-07,0.4096,18,0.5292,8.5,1.5,2025-10-07
2025-10-08,0.192,19,0.5887,53.0,1.625,2025-10-08
2025-10-09,0.2765,44,0.7019,202.0,5.075,2025-10-09
2025-10-10,0.4514,11,0.3873,35.5,66.6667,2025-10-10
2025-10-11,0.3524,31,0.6146,13.3333,17.4286,2025-10-11
2025-10-12,0.1795,46,0.5977,33.0,20.4634,2025-10-12
2025-10-13,0.1838,13,0.8243,2.0,1.6,2025-10-13
2025-10-14,0.4607,10,0.6594,3.0,1.625,2025-10-14
2025-10-15,0.0737,4,0.5532,2.0,1.3333,2025-10-15
2025-10-17,0.1986,61,0.4685,91.125,13.6038,2025-10-17
2025-10-18,0.2524,86,0.4533,120.0,6.44,2025-10-18
2025-10-19,0.175,106,0.5255,207.3,20.2917,2025-10-19
2025-10-20,0.1935,130,0.4702,97.5,11.3909,2025-10-20
2025-10-21,0.1467,153,0.4729,133.125,9.365,2025-10-21
2025-10-22,0.2103,171,0.4827,89.0556,9.7386,2025-10-22
2025-10-23,0.1105,101,0.5692,141.75,14.0108,2025-10-23
2025-10-24,0.2141,111,0.4905,246.4286,11.6701,2025-10-24
2025-10-25,0.1546,159,0.4694,255.9167,18.5034,2025-10-25
2025-10-26,0.0896,128,0.451,72.4545,9.4017,2025-10-26
2025-10-27,0.1156,100,0.4381,173.0,9.6222,2025-10-27
2025-10-28,-0.1101,26,0.5012,,2.0769,2025-10-28
2025-10-29,0.1531,14,0.5763,,2.4286,2025-10-29
2025-10-30,0.0298,7,0.3771,,1.4286,2025-10-30
2025-11-01,0.6228,2,0.0941,,1.5,2025-11-01
